{"cameraMode":{"drawMode":0,"name":"Shaded","section":"Shading Mode"},"sceneLighting":false,"audioPlay":false,"sceneViewState":{"showFog":true,"showMaterialUpdate":false,"showSkybox":false,"showFlares":true,"showImageEffects":true,"showParticleSystems":true},"in2DMode":false,"pivot":{"x":-1.5981407165527344,"y":3.4229753017425539,"z":-0.9169034957885742},"rotation":{"x":0.029784612357616426,"y":0.7947025299072266,"z":0.03912308067083359,"w":-0.6050142049789429},"size":25.168455123901368,"orthographic":false}