{"cameraMode":{"drawMode":0,"name":"Shaded","section":"Shading Mode"},"sceneLighting":false,"audioPlay":false,"sceneViewState":{"showFog":true,"showMaterialUpdate":false,"showSkybox":false,"showFlares":true,"showImageEffects":true,"showParticleSystems":true},"in2DMode":false,"pivot":{"x":2.0642004013061525,"y":8.108345985412598,"z":-3.7117233276367189},"rotation":{"x":0.007955927401781083,"y":0.9542001485824585,"z":0.025473594665527345,"w":-0.29799380898475649},"size":26.274606704711915,"orthographic":false}